{"cameraMode":{"drawMode":0,"name":"Shaded","section":"Shading Mode"},"sceneLighting":true,"audioPlay":false,"sceneViewState":{"m_AlwaysRefresh":false,"showFog":true,"showSkybox":true,"showFlares":true,"showImageEffects":true,"showParticleSystems":true,"showVisualEffectGraphs":true,"m_FxEnabled":true},"in2DMode":false,"pivot":{"x":-2.4776389598846437,"y":-0.39865970611572268,"z":-1.8308491706848145},"rotation":{"x":-0.03985756263136864,"y":-0.9564691185951233,"z":0.15690656006336213,"w":-0.24290555715560914},"size":4.319211483001709,"orthographic":true}