{"cameraMode":{"drawMode":0,"name":"Shaded","section":"Shading Mode"},"sceneLighting":false,"audioPlay":false,"sceneViewState":{"m_AlwaysRefresh":false,"showFog":true,"showSkybox":false,"showFlares":true,"showImageEffects":true,"showParticleSystems":true,"showVisualEffectGraphs":true,"m_FxEnabled":true},"in2DMode":false,"pivot":{"x":1.8397955894470215,"y":1.9972387552261353,"z":3.8046469688415529},"rotation":{"x":-0.03985756263136864,"y":-0.9564691185951233,"z":0.15690656006336213,"w":-0.24290555715560914},"size":2.6642658710479738,"orthographic":false}